,raceId,year,round,weather,weather_warm,weather_cold,weather_dry,weather_wet,weather_cloudy
0,1,2009,1,Sunny with temperatures reaching up to 27 °C (81 °F)[2],1,0,0,0,0
1,2,2009,2,"Dry start, with heavy rain and thunderstorm/monsoon later",0,0,1,1,0
2,3,2009,3,Rain,0,0,0,1,0
3,4,2009,4,Sunny,1,0,0,0,0
4,5,2009,5,"Warm, Sunny",1,0,0,0,0
5,6,2009,6,Sunny,1,0,0,0,0
6,7,2009,7,Sunny,1,0,0,0,0
7,8,2009,8,"Dry, overcast",0,0,0,0,1
8,9,2009,9,Sunny and overcast,1,0,0,0,1
9,10,2009,10,Sunny25 °C (77 °F)[2],0,0,0,0,0
10,11,2009,11,Hot and dry with temperatures reaching up to 33 °C (91 °F)[1],1,0,1,0,0
11,12,2009,12,Clear but Mild,1,0,0,0,0
12,13,2009,13,Mainly sunny,1,0,0,0,0
13,14,2009,14,Hot and Dry,1,0,1,0,0
14,15,2009,15,"Sunny, Dry",0,0,1,0,0
15,16,2009,16,Partially cloudy and dry,0,0,1,0,1
16,17,2009,17,Dry,0,0,1,0,0
17,18,2008,1,"Clear, dry, air temperature of 39 °C (102 °F).",0,0,0,0,0
18,19,2008,2,"Sunny, partly cloudy",0,0,0,0,1
19,20,2008,3,Dry,0,0,1,0,0
20,21,2008,4,Sunny,1,0,0,0,0
21,22,2008,5,Sunny with temperatures reaching up to 17 °C (63 °F)[3],1,0,0,0,0
22,23,2008,6,"Wet, drying later.",0,0,0,0,0
23,24,2008,7,Hot with temperatures approaching 31 °C (88 °F); wind speeds up to 8.9 kilometres per hour (5.5 mph)[1],1,0,0,0,0
24,25,2008,8,Dry at first; light rain in the final stages,0,0,1,1,0
25,26,2008,9,"Rain, later drying",0,0,0,0,0
26,27,2008,10,"Cloudy, later sunny[1]",0,0,0,0,0
27,28,2008,11,"Sunny; Air 30–31 °C (86–88 °F), Track 40–43 °C (104–109 °F)",0,0,0,0,0
28,29,2008,12,Sunny,1,0,0,0,0
29,30,2008,13,"Cloudy, rain in last 3 laps",0,0,0,1,0
30,31,2008,14,"Heavy rain, dry towards the end",0,0,1,0,0
31,32,2008,15,"Dry, Air Temp: 28 °C (82 °F), Wind Speed: 2.2 metres per second (7.2 ft/s), Humidity: 79%",0,0,0,0,0
32,33,2008,16,Cloudy with temperatures reaching up to 17 °C (63 °F)[4],0,0,0,0,1
33,34,2008,17,Dry,0,0,1,0,0
34,35,2008,18,"Rain at beginning and end, otherwise drying",0,0,0,1,0
35,36,2007,1,Clear with temperatures reaching up to 21 °C (70 °F)[1],1,0,0,0,0
36,37,2007,2,Sunny[1],0,0,0,0,0
37,38,2007,3,"Sunny, dry, windy",0,0,0,0,0
38,39,2007,4,Sunny and warm,1,0,0,0,0
39,40,2007,5,"Cloudy, air temp 24–27 °C (75–81 °F), track temp 33–42 °C (91–108 °F)",0,0,0,0,0
40,41,2007,6,Warm with temperatures approaching 26 °C (79 °F); wind speeds up to 5.8 kilometres per hour (3.6 mph)[1],1,0,0,0,0
41,42,2007,7,Warm (33C/91F) and clear,1,0,0,0,0
42,43,2007,8,Cloudy,0,0,0,0,1
43,44,2007,9,Dry and sunny,1,0,1,0,0
44,45,2007,10,Heavy Rain on Lap 1. Drying track at restart. Light Rain before the finish.,0,0,0,1,0
45,46,2007,11,"Sunny, temperatures reaching up to 27 °C (81 °F)[1]",0,0,0,0,0
46,47,2007,12,Sunny,1,0,0,0,0
47,48,2007,13,Sunny,1,0,0,0,0
48,49,2007,14,"Partly cloudy, mild and dry",1,0,1,0,0
49,50,2007,15,Very heavy rain,0,0,0,1,0
50,51,2007,16,Intermittent light rain,0,0,0,1,0
51,52,2007,17,"37 °C (Air), 63 °C (Track)",0,0,0,0,0
52,53,2006,1,"Fine, Dry and HotAir Temp 23 °C (73 °F)[1]Track Temp 40 °C (104 °F)[1] dropping to 34 °C (93 °F)",0,0,1,0,0
53,54,2006,2,"Fine, Air Temp: 33°C, Wind Speed: 1.5 m/s, Humidity: 61%",0,0,0,0,0
54,55,2006,3,Cloudy with sunny breaks. Air temperature 20°C,1,0,0,0,1
55,56,2006,4,Sunny,1,0,0,0,0
56,57,2006,5,not found,0,0,0,0,0
57,58,2006,6,Sunny,1,0,0,0,0
58,59,2006,7,Fine,1,0,0,0,0
59,60,2006,8,Sunny,1,0,0,0,0
60,61,2006,9,Sunny and warm with temperatures reaching up to 28 °C (82 °F); wind speeds up to 4.1 kilometres per hour (2.5 mph)[1],1,0,0,0,0
61,62,2006,10,"Sunny, hot",1,0,0,0,0
62,63,2006,11,"Sunny, warm",1,0,0,0,0
63,64,2006,12,"Sunny, warm",1,0,0,0,0
64,65,2006,13,Cool and rainy with temperatures reaching up to 20 °C (68 °F)[1],0,1,0,1,0
65,66,2006,14,"Sunny, hot",1,0,0,0,0
66,67,2006,15,Warm and sunny with temperatures reaching up to 27 °C (81 °F)[1],1,0,0,0,0
67,68,2006,16,"Cloudy, wet track that progressively dried up.Rainy during the last few laps.",0,0,0,1,0
68,69,2006,17,Fine,1,0,0,0,0
69,70,2006,18,Temperatures reaching up to 23 °C (73 °F)[1],0,0,0,0,0
70,71,2005,1,"Cool, partly cloudy",0,0,0,0,1
71,72,2005,2,"Fine, Air: 34–36°C (93–97°F) and Track: 44–50°C (111–122°F)",0,0,0,0,0
72,73,2005,3,"Sunny, 42 °C (108 °F)[1]",0,0,0,0,0
73,74,2005,4,Warm and cloudy,1,0,0,0,1
74,75,2005,5,"Sunny, warm",1,0,0,0,0
75,76,2005,6,Fine,1,0,0,0,0
76,77,2005,7,"Partly cloudy, hot and dry",1,0,1,0,0
77,78,2005,8,Cloudy and hot with temperatures approaching 32.5 °C (90.5 °F)Wind speeds up to 5.1 km/h (3.2 mph)[1]Track 43–47 °C (109–117 °F),1,0,0,0,1
78,79,2005,9,"Cloudy, temperatures up to 25.0 °C (77.0 °F); wind speeds up to 17.9 km/h (11.1 mph)[4]",0,0,0,0,0
79,80,2005,10,"Sunny, Air: 32 °C (90 °F), Track 53 °C (127 °F)",0,0,0,0,0
80,81,2005,11,"Sunny, Air: 27 °C (81 °F), Track 47 °C (117 °F)",0,0,0,0,0
81,82,2005,12,"Cloudy with drizzle, but staying dry during the race. Air temp: 24°C.",0,0,1,0,1
82,83,2005,13,"Sunny, Air: 34 °C (93 °F), Track 45 °C (113 °F)",0,0,0,0,0
83,84,2005,14,Sunny; 30°C Air; 45°C Track,0,0,0,0,0
84,85,2005,15,Sunny,1,0,0,0,0
85,86,2005,16,Wet and dry,0,0,1,1,0
86,87,2005,17,"Cloudy, dry, Air: 23 °C (73 °F), Track 22 °C (72 °F)",0,0,0,0,0
87,88,2005,18,Partially cloudy and dry with temperatures reaching up to 25 °C (77 °F)[1],0,0,1,0,1
88,89,2005,19,Sunny,1,0,0,0,0
89,90,2004,1,Dry & cloudyAir Temp 20 °C (68 °F),0,0,1,0,0
90,91,2004,2,"Dry, light rain at the startAir Temp 34 °C (93 °F)",0,0,0,1,0
91,92,2004,3,"Warm, dry and overcast",0,0,1,0,1
92,93,2004,4,"Clear, air temp: 22°C",0,0,0,0,0
93,94,2004,5,Clear,1,0,0,0,0
94,95,2004,6,Dry and sunny,1,0,1,0,0
95,96,2004,7,"Cloudy at start, sunny later",1,0,0,0,1
96,97,2004,8,Clear and mild with temperatures approaching 25.0 °C (77.0 °F)Wind speeds up to 5.8 km/h (3.6 mph)[1]Track 35 °C (95 °F)[2],1,0,0,0,0
97,98,2004,9,Fine with temperatures reaching up to 24 °C (75 °F);Wind speeds up to 20.55 km/h (12.77 mph)[1],1,0,0,0,0
98,99,2004,10,Sunny,1,0,0,0,0
99,100,2004,11,"Cloudy, Air: 17 °C (63 °F), Track 27 °C (81 °F)",0,0,0,0,0
100,101,2004,12,Sunny,1,0,0,0,0
101,102,2004,13,"Warm, dry and sunny, Air: 26 °C (79 °F), Track 42 °C (108 °F)",0,0,1,0,0
102,103,2004,14,Dry with temperatures reaching up to 15 °C (59 °F)[1],0,0,1,0,0
103,104,2004,15,"Wet track at the start, dry later on",0,0,1,1,0
104,105,2004,16,Sunny with temperatures reaching up to 27 °C (81 °F)[1],1,0,0,0,0
105,106,2004,17,Sunny,1,0,0,0,0
106,107,2004,18,Dry/Wet,0,0,0,0,0
107,108,2003,1,"Damp at beginning, dry later, cloudy, mild",1,0,1,1,0
108,109,2003,2,"Fine, air temperature 34°C (93°F)",0,0,0,0,0
109,110,2003,3,Rainy: 20 °C (68 °F),0,0,0,0,0
110,111,2003,4,Mostly cloudy with maximum ambient temperatures reaching 13 degrees during the day.,0,0,0,0,1
111,112,2003,5,Clear,1,0,0,0,0
112,113,2003,6,Mostly cloudy with isolated showers in the area,0,0,0,1,1
113,114,2003,7,Fine,1,0,0,0,0
114,115,2003,8,Partly cloudy and mild with temperatures reaching a maximum of 19.3 °C (66.7 °F)Wind speeds up to 12.9 km/h (8.0 mph)[1],1,0,0,0,1
115,116,2003,9,Mostly cloudy with maximum ambient temperatures reaching 25 degrees celsius during the day.,0,0,0,0,1
116,117,2003,10,"Cloudy, Air: 26 °C (79 °F), Track 35 °C (95 °F)",0,0,0,0,0
117,118,2003,11,"Sunny at start, cloudy later, Air: 24 °C (75 °F), Track 29 °C (84 °F)",1,0,0,0,1
118,119,2003,12,Fine,1,0,0,0,0
119,120,2003,13,"Warm, dry and sunny, 28 °C (82 °F)",0,0,1,0,0
120,121,2003,14,Sunny,1,0,0,0,0
121,122,2003,15,Scattered showers with temperatures up to 20.6 °C (69.1 °F);Wind speeds up to 25.93 km/h (16.11 mph)[1],0,0,0,1,0
122,123,2003,16,"Cloudy, Air: 22 °C (72 °F), Track 25 °C (77 °F)",0,0,0,0,0
123,124,2002,1,"Cloudy at start, clearing to sunny skies.",1,0,0,0,1
124,125,2002,2,"Partially cloudy, hot and dry",1,0,1,0,0
125,126,2002,3,"Clear, Air Temp: 30°C",0,0,0,0,0
126,127,2002,4,"Scattered thunderstorms, but remaining dry. Air Temp: 18°C",0,0,0,0,0
127,128,2002,5,"Clear, Air Temp: 20°C",0,0,0,0,0
128,129,2002,6,"Clear, Air Temp: 20°C",0,0,0,0,0
129,130,2002,7,Fine; air temperature 22 °C (72 °F),0,0,0,0,0
130,131,2002,8,Mostly fine and humid with temperatures reaching a maximum of 24.1 °C (75.4 °F)Wind speeds up to 8 km/h (5.0 mph)[1],1,0,0,0,0
131,132,2002,9,"Mainly Fine, Air Temp: 18°C",0,0,0,0,0
132,133,2002,10,"Dry/Wet, Air Temp: 21°C",0,0,0,0,0
133,134,2002,11,"Warm and sunny, Air Temp: 25°C",1,0,0,0,0
134,135,2002,12,"Fine, Air Temp: 28°C",0,0,0,0,0
135,136,2002,13,"Partially cloudy, hot and sunny, Air Temp: 28 °C (82 °F)[1]",1,0,0,0,0
136,137,2002,14,"Cloudy, Air: 17 °C (63 °F), Track 25 °C (77 °F)[1]",0,0,0,0,0
137,138,2002,15,"Sunny, hot, dry 23°C",0,0,1,0,0
138,139,2002,16,Sunny with temperatures reaching up to 26.7 °C (80.1 °F);Wind speeds approaching a maximum of 18.70 km/h (11.62 mph)[1]Track 34 °C (93 °F),1,0,0,0,0
139,140,2002,17,"Sunny, Air: 26 °C (79 °F), Track 30 °C (86 °F)",0,0,0,0,0
140,141,2001,1,"Cloudy, sunny later",1,0,0,0,0
141,142,2001,2,"Rain and Thunderstorms at start, dry later; Air Temp at start: 32 °C (90 °F)",0,0,1,1,0
142,143,2001,3,"Dry first, rain and thunderstorms later; Air temp: 25–30 °C (77–86 °F)[1] Track 27–40 °C (81–104 °F)",0,0,1,1,0
143,144,2001,4,"Sunny. Air Temp: 14 °C (57 °F), Track 26 °C (79 °F)",0,0,0,0,0
144,145,2001,5,"Overcast, Mild, Dry, Air Temp: 18°C",0,0,0,0,0
145,146,2001,6,"Sunny, Air: 18 to 19 °C (64 to 66 °F), Track 18 to 32 °C (64 to 90 °F)",0,0,0,0,0
146,147,2001,7,"Warm and Sunny, Air Temp: 23 °C (73 °F), Track 36 to 39 °C (97 to 102 °F)",1,0,0,0,0
147,148,2001,8,Sunny,1,0,0,0,0
148,149,2001,9,"Sunny, mild, dry, Air Temp: 21°C",0,0,0,0,0
149,150,2001,10,Sunny,1,0,0,0,0
150,151,2001,11,"Partially cloudy, mild, dry, Air Temp: 16 °C (61 °F), Track 27 °C (81 °F)",0,0,0,0,0
151,152,2001,12,"Partially cloudy, very hot, dry",0,0,1,0,0
152,153,2001,13,"Hot, dry and partially cloudy",0,0,1,0,1
153,154,2001,14,"Overcast, mild, dry, Air Temp: 12 to 16 °C (54 to 61 °F)",0,0,0,0,0
154,155,2001,15,"Sunny, partly cloudy, Air: 19 to 20 °C (66 to 68 °F), Track 26 °C (79 °F)",0,0,0,0,0
155,156,2001,16,"Sunny, cool, Air: 19–21 °C (66–70 °F);Track 27 °C (81 °F)",0,0,0,0,0
156,157,2001,17,"Cloudy, Mild, Dry, Air Temp: 24°C",0,0,0,0,0
157,158,2000,1,"Sunny,[2] Air Temp: 20 °C",0,0,0,0,0
158,159,2000,2,"Sunny, Air: 22 °C (72 °F), Track: 35 °C (95 °F)",0,0,0,0,0
159,160,2000,3,"Overcast, Mild, Dry, 16 °C",0,0,0,0,0
160,161,2000,4,"Sunny, mild, dry, Air Temp: 10 °C (50 °F)",0,0,0,0,0
161,162,2000,5,"Sunny, Mild, Dry",0,0,1,0,0
162,163,2000,6,"Dry at first, rain later on, Air: 11 °C (52 °F), Track: 12 °C (54 °F)",0,0,1,1,0
163,164,2000,7,Sunny,1,0,0,0,0
164,165,2000,8,"Cloudy and raining; Air 17 °C (63 °F),Track 21 °C (70 °F)",0,0,0,0,1
165,166,2000,9,"Sunny, dry, Air Temp: 27°C",0,0,0,0,0
166,167,2000,10,"Partially cloudy, dry",0,0,1,0,0
167,168,2000,11,Dry/Wet,0,0,0,0,0
168,169,2000,12,"Partially cloudy, very hot, dry",0,0,1,0,0
169,170,2000,13,"Wet at start, drying, Air & track temperature; 15 °C (59 °F)",0,0,0,1,0
170,171,2000,14,Sunny with temperatures reaching up to 29 °C (84 °F)[3],1,0,0,0,0
171,172,2000,15,"Cloudy, drying, Air 12 °C (54 °F);Track 14 °C (57 °F)",0,0,0,0,0
172,173,2000,16,Dry/wet,0,0,0,0,0
173,174,2000,17,"Overcast, Very hot, Dry",0,0,1,0,0
336,337,2010,1,Sunny,1,0,0,0,0
337,338,2010,2,Overcast with light rain at start,0,0,0,1,1
338,339,2010,3,"Mainly cloudy, dry",0,0,1,0,0
339,340,2010,4,"Cloudy, rain",0,0,0,1,0
340,341,2010,5,"Mainly cloudy, dry",0,0,1,0,0
341,342,2010,6,"Mainly cloudy, dry",0,0,1,0,0
342,343,2010,7,Air: 28 to 29 °C (82 to 84 °F) Track: 39 to 49 °C (102 to 120 °F),0,0,0,0,0
343,344,2010,8,Warm with temperatures approaching 26 °C (79 °F); wind speeds up to 4.9 kilometres per hour (3.0 mph)[1],1,0,0,0,0
344,345,2010,9,Dry[3],0,0,0,0,0
345,346,2010,10,Mainly sunny,1,0,0,0,0
346,347,2010,11,"Mainly cloudy, dry[4]",0,0,0,0,0
347,348,2010,12,Mainly sunny28 °C (82 °F)[1],0,0,0,0,0
348,349,2010,13,Intermittent rain,0,0,0,1,0
349,350,2010,14,Sunny,1,0,0,0,0
350,351,2010,15,"Clear; Air temp 29 to 30 °C (84 to 86 °F), Track temp 31 °C (88 °F)[4][5]",0,0,0,0,0
351,352,2010,16,Sunny,1,0,0,0,0
352,353,2010,17,"Rain; Air 20 °C (68 °F), Track 18 °C (64 °F)",0,0,0,0,0
353,354,2010,18,Clear; 25 °C (77 °F),0,0,0,0,0
354,355,2010,19,Dry[3] Air Temp 28 °C (82 °F)[3] Track Temp 33 °C (91 °F) dropping to 29 °C (84 °F)[3],0,0,0,0,0
839,841,2011,1,"Sunny, 18°C",0,0,0,0,0
840,842,2011,2,"Cloudy, dry",0,0,1,0,0
841,843,2011,3,Fine and Dry[1] Air Temp 22 °C (72 °F)[1] Track Temp 32 °C (90 °F) dropping to 26 °C (79 °F)[1],1,0,0,0,0
842,844,2011,4,"Sunny, Fine and Dry[2] Air Temp 17 °C (63 °F)[2] Track Temp 35 °C (95 °F) dropping to 30 °C (86 °F)[2]",1,0,0,0,0
843,845,2011,5,"Mainly sunny, Fine and Dry[2][3] Air Temp 27 °C (81 °F)[3] Track Temp 33 °C (91 °F) to 44 °C (111 °F)[3]",1,0,0,0,0
844,846,2011,6,"Sunny, Fine and Dry[2]Air Temp 24 °C (75 °F)[2]Track Temp 44 °C (111 °F)[2]",1,0,0,0,0
845,847,2011,7,"Wet at start, very heavy rain later, after rain stops, track drying towards the end. Temperatures up to 27 °C (81 °F); wind speeds up to 12 kilometres per hour (7.5 mph)[2]",0,0,0,1,0
846,848,2011,8,"Clear, Fine and Dry[1][2] Air Temp 27 °C (81 °F)[2] Track Temp 47 °C (117 °F)[2]",1,0,0,0,0
847,849,2011,9,Wet track at start; subsequently drying[1]Air Temp 20 °C (68 °F)[1]Track Temp 22 °C (72 °F)[1],0,0,0,1,0
848,850,2011,10,"Cloudy, (light) rain at start",0,0,0,1,0
849,851,2011,11,"Cloudy, rain showers",0,0,0,1,0
850,852,2011,12,"Cloudy, dry",0,0,1,0,0
851,853,2011,13,Mainly sunny,1,0,0,0,0
852,854,2011,14,Hot and humid Air Temp 31 °C (88 °F)[1],1,0,0,0,0
853,855,2011,15,Sunny and dry Air Temp 24 °C (75 °F)[2],1,0,1,0,0
854,856,2011,16,"Dry, light rain at the start Air Temp 21 °C (70 °F)[2]",0,0,0,1,0
855,857,2011,17,Fine and Dry Air Temp 30 °C (86 °F)[1],1,0,1,0,0
856,858,2011,18,Fine and Dry Air Temp 25 °C (77 °F)[1],1,0,1,0,0
857,859,2011,19,Fine Air Temp 24 °C (75 °F) Track Temp 43 °C (109 °F)[1],1,0,0,0,0
858,860,2012,1,Fine[1] Air Temp 22 °C (72 °F)[1] Track Temp 30 °C (86 °F) dropping to 22 °C (72 °F)[1],0,0,0,0,0
859,861,2012,2,Heavy rain clearing to cloudy and dry[2] Air Temp 26 °C (79 °F)[2]  Track Temp 29 °C (84 °F) dropping to 24 °C (75 °F) [2],0,0,0,1,1
860,862,2012,3,Overcast but Dry[1] Air Temp 22 °C (72 °F)[1] Track Temp 23 °C (73 °F)[1],0,0,0,0,1
861,863,2012,4,Sunny and hot[1][2] Air Temp 27 °C (81 °F)[2] Track Temp 33 °C (91 °F) dropping to 29 °C (84 °F)[2],1,0,0,0,0
862,864,2012,5,"Partially cloudy, dry: Air 23 °C (73 °F), Track 36 °C (97 °F)",0,0,0,0,0
863,865,2012,6,"Fine and Dry, showers threatening at end[2] Air Temp 21 °C (70 °F)[2] Track Temp 38 °C (100 °F) dropping to 31 °C (88 °F)[2]",1,0,0,1,0
864,866,2012,7,"Fine, dry and warm;[2] with air temperature approaching 29 °C (84 °F)[2] Track Temp 45 °C (113 °F) dropping to 39 °C (102 °F)[2]",0,0,1,0,0
865,867,2012,8,Fine and Dry[2] Air Temp 27 °C (81 °F)[2] Track Temp 45 °C (113 °F)[2],1,0,0,0,0
866,868,2012,9,DryAir Temp 20 °C (68 °F)[2]Track Temp 31 °C (88 °F)[2],0,0,0,0,0
867,869,2012,10,Fine and Dry[2] Air Temp 22 °C (72 °F)[2] Track Temp 30 °C (86 °F)[2],1,0,0,0,0
868,870,2012,11,Fine and Dry. Very Hot[2][3] Air Temp 30 °C (86 °F)[3] Track Temp 45 °C (113 °F)[3],1,0,0,0,0
869,871,2012,12,Fine and Dry[2] Air Temp 23 °C (73 °F)[2] Track Temp 33 °C (91 °F)[2],1,0,0,0,0
870,872,2012,13,Dry and sizzlingly sunny[2] Air temp 28 °C (82 °F)[2] Track temp 40 °C (104 °F)[2],0,0,1,0,0
871,873,2012,14,Hot and humid[2]Air Temp 29 °C (84 °F)[2]Track Temp 31 °C (88 °F)[2],1,0,0,0,0
872,874,2012,15,Fine and Dry[2] Air Temp 23 °C (73 °F)[2] Track Temp 32 °C (90 °F)[2],1,0,0,0,0
873,875,2012,16,Fine and Dry[3] Air Temp 21 °C (70 °F)[3] Track Temp 27 °C (81 °F) dropping to 23 °C (73 °F)[3],1,0,0,0,0
874,876,2012,17,"Fine, Dry, a little hazy and a little dusty[2] Air Temp 30 °C (86 °F)[2] Track Temp 36 °C (97 °F) dropping to 31 °C (88 °F)[2]",0,0,0,0,0
875,877,2012,18,Dry[2] Air Temp 29 °C (84 °F)[2] Track Temp 34 °C (93 °F) dropping to 29 °C (84 °F)[2],0,0,0,0,0
876,878,2012,19,Scattered clouds[2][3]Air temp 24 °C (75 °F)[3]Track temp 32 °C (90 °F)[3],0,0,0,0,0
877,879,2012,20,"Race start: drops of rain, light rain shower getting heavier at the end.[2] Air Temp 19 °C (66 °F)[2] Track Temp 21 °C (70 °F)[2]",0,0,0,1,0
878,880,2013,1,"Scattered Clouds, Fine and Dry[2] Air Temp 18 °C (64 °F)[2] Track Temp 25 °C (77 °F) dropping to 19 °C (66 °F)[2]",1,0,0,0,0
879,881,2013,2,Light rain clearing to cloudy and dry,0,0,1,1,1
880,882,2013,3,not found,0,0,0,0,0
881,883,2013,4,not found,0,0,0,0,0
882,884,2013,5,Sunny,1,0,0,0,0
883,885,2013,6,Warm and sunny,1,0,0,0,0
884,886,2013,7,Mild with temperatures approaching 23 °C (73 °F); wind speeds up to 15 kilometres per hour (9.3 mph)[2],1,0,0,0,0
885,887,2013,8,Dry,0,0,1,0,0
886,888,2013,9,Sunny,1,0,0,0,0
887,890,2013,10,"Very hot and sunny, 35°C.",1,0,0,0,0
888,891,2013,11,not found,0,0,0,0,0
889,892,2013,12,Cloudy,0,0,0,0,1
890,893,2013,13,Dry and 29 degrees,0,0,1,0,0
891,894,2013,14,Cloudy with maximum temperatures reaching 29 degrees during the day,0,0,0,0,1
892,895,2013,15,Warm and sunny,1,0,0,0,0
893,896,2013,16,"Sunny, haze",0,0,0,0,0
894,897,2013,17,Clear,1,0,0,0,0
895,898,2013,18,"Partly cloudy, warmTemperatures reaching up to 89.1 °F (31.7 °C); wind speeds approaching speeds of 11.1 miles per hour (17.9 km/h)[2]",0,0,0,0,0
896,899,2013,19,"Cloudy, Air Temp: 18°C",0,0,0,0,0
897,900,2014,1,"Overcast, 19 °C(66 °F)",0,0,0,0,0
898,901,2014,2,"Dry, 32°C",0,0,0,0,0
899,902,2014,3,Dry,0,0,1,0,0
900,903,2014,4,"Mostly cloudy, dry",0,0,1,0,0
901,904,2014,5,Sunny,1,0,0,0,0
902,905,2014,6,"Overcast, Air: 20 to 21 °C (68 to 70 °F), Track: 28 to 30 °C (82 to 86 °F).",0,0,0,0,0
903,906,2014,7,Temperatures up to 27.6 °C (81.7 °F); wind speeds up to 16.4 kilometres per hour (10.2 mph)[5],0,0,0,0,0
904,907,2014,8,"Partially cloudy, hot and dry",1,0,1,0,0
905,908,2014,9,Mostly cloudy with maximum temperatures reaching 21 degrees during the day.,0,0,0,0,1
906,909,2014,10,Cloudy with maximum temperatures reaching 26 degrees during the day.,0,0,0,0,1
907,910,2014,11,"Overcast. Wet track at start, then drying.Scattered thunderstorms during the day, temperatures reaching a maximum of 26 degrees.[1]",0,0,0,1,0
908,911,2014,12,Mostly cloudy,0,0,0,0,1
909,912,2014,13,"Sunny; Air: 25 °C (77 °F), Track: 37 to 42 °C (99 to 108 °F)",0,0,0,0,0
910,913,2014,14,Clear. Air: 28 to 30 °C (82 to 86 °F) Track: 33 to 37 °C (91 to 99 °F).,0,0,0,0,0
911,914,2014,15,Rain. Air: 20 °C (68 °F) Track: 24 °C (75 °F),0,0,0,0,0
912,915,2014,16,"Fine and dry;21 °C (70 °F) ambient temperature,33 °C (91 °F) track temperature[4]",1,0,0,0,0
913,916,2014,17,"Sunny,",0,0,0,0,0
914,917,2014,18,"Sunny, Air: 23 to 24 °C (73 to 75 °F), Track: 46 to 50 °C (115 to 122 °F)",0,0,0,0,0
915,918,2014,19,"Clear skies; Air temp: 30 °C (86 °F) during the day, dropping to 24 °C (75.2 °F). Wind speed: 8 km/h (4.9 mph).[2] (Night race)",1,0,0,0,0
916,931,2015,6,Partly cloudy18–19 °C (64–66 °F) air temperature31–37 °C (88–99 °F) track temperature1.5 m/s (4.9 ft/s) wind from the west[2],0,0,0,0,0
917,932,2015,7,Sunny20–21 °C (68–70 °F) air temperature39 °C (102 °F) track temperature4 m/s (13 ft/s) wind from the north[2],0,0,0,0,0
918,929,2015,4,"Sunny, clear24–26 °C (75–79 °F) air temperature28–31 °C (82–88 °F) track temperature1.5 m/s (4.9 ft/s) wind from the north[1]",0,0,0,0,0
919,930,2015,5,Sunny25 °C (77 °F) air temperature44 °C (111 °F) track temperature1.8 m/s (5.9 ft/s) wind from the northeast[3],0,0,0,0,0
920,928,2015,3,Sunny21 °C (70 °F) air temperature46 °C (115 °F) track temperature1.4 m/s (4.6 ft/s) wind from the northwest[1],0,0,0,0,0
921,926,2015,1,Partly cloudy17–18 °C (63–64 °F) air temperature32–37 °C (90–99 °F) track temperature6 m/s (20 ft/s) wind from the south[3],0,0,0,0,0
922,927,2015,2,Sunny32–33 °C (90–91 °F) air temperature53–58 °C (127–136 °F) track temperature2 m/s (6.6 ft/s) wind from the south[3],0,0,0,0,0
923,933,2015,8,Cloudy14–15 °C (57–59 °F) air temperature27–32 °C (81–90 °F) track temperature2 m/s (6.6 ft/s) wind from the west[2],0,0,0,0,0
924,934,2015,9,"Cloudy, rain at times17–20 °C (63–68 °F) air temperature24–32 °C (75–90 °F) track temperature2.5 m/s (8.2 ft/s) wind from the east[2]",0,0,0,1,0
925,936,2015,10,Sunny22–24 °C (72–75 °F) air temperature41–48 °C (106–118 °F) track temperature3.2 m/s (10 ft/s) wind from the east[2],0,0,0,0,0
926,937,2015,11,Cloudy23 °C (73 °F) air temperature33–37 °C (91–99 °F) track temperature3.5 m/s (11 ft/s) wind from the northwest[2],0,0,0,0,0
927,938,2015,12,Partly cloudy22–23 °C (72–73 °F) air temperature38–39 °C (100–102 °F) track temperature1.5 m/s (4.9 ft/s) wind from changing directions[2],0,0,0,0,0
928,939,2015,13,Dry28–29 °C (82–84 °F) air temperature34–36 °C (93–97 °F) track temperature0.5 m/s (1.6 ft/s) wind from the west[2],0,0,0,0,0
929,940,2015,14,Partly cloudy27 °C (81 °F) air temperature52–54 °C (126–129 °F) track temperature4.5 m/s (15 ft/s) wind from the east[2],0,0,0,0,0
930,941,2015,15,Partly cloudy18 °C (64 °F) air temperature25–27 °C (77–81 °F) track temperature1.5 m/s (4.9 ft/s) wind from the north[2],0,0,0,0,0
931,942,2015,16,Very cloudy17 °C (63 °F) air temperature17–20 °C (63–68 °F) track temperature8 m/s (26 ft/s) wind from the south[2],0,0,0,0,0
932,943,2015,17,Partly cloudy22–24 °C (72–75 °F) air temperature48–56 °C (118–133 °F) track temperature1.5 m/s (4.9 ft/s) wind from the northwest[2],0,0,0,0,0
933,944,2015,18,Dry22–28 °C (72–82 °F) air temperature38–48 °C (100–118 °F) track temperature2.5 m/s (8.2 ft/s) wind from the north[2],0,0,0,0,0
934,945,2015,19,Clear25–27 °C (77–81 °F) air temperature28–29 °C (82–84 °F) track temperature1.5 m/s (4.9 ft/s) wind from the south[3],0,0,0,0,0
935,948,2016,1,Partly cloudy22–23 °C (72–73 °F) air temperature26–36 °C (79–97 °F) track temperature4 m/s (8.9 mph; 14 km/h) wind from the south[4],0,0,0,0,0
936,949,2016,2,Dry21–22 °C (70–72 °F) air temperature26–29 °C (79–84 °F) track temperature2 m/s (6.6 ft/s) wind from the southwest[4],0,0,0,0,0
937,950,2016,3,Sunny21 °C (70 °F) air temperature37 °C (99 °F) track temperature4.8 m/s (16 ft/s) wind from the northeast[4],0,0,0,0,0
938,951,2016,4,Partly cloudy16 °C (61 °F) air temperature37–41 °C (99–106 °F) track temperature2.5 m/s (8.2 ft/s) wind from the southwest[4],0,0,0,0,0
939,952,2016,5,Partly cloudy20–22 °C (68–72 °F) air temperature39–41 °C (102–106 °F) track temperature2 m/s (6.6 ft/s) wind from the north[4],0,0,0,0,0
940,953,2016,6,"Rainy at start, dry later17–18 °C (63–64 °F) air temperature20–22 °C (68–72 °F) track temperature2 m/s (6.6 ft/s) wind from the north[4]",0,0,1,1,0
941,954,2016,7,Cloudy12 °C (54 °F) air temperature21–23 °C (70–73 °F) track temperature2.5 m/s (8.2 ft/s) wind from the southeast[4],0,0,0,0,0
942,955,2016,8,Partly cloudy30–33 °C (86–91 °F) air temperature39–45 °C (102–113 °F) track temperature2.5 m/s (8.2 ft/s) wind from the southeast[4],0,0,0,0,0
943,956,2016,9,Cloudy,0,0,0,0,1
944,957,2016,10,"Wet at start, dry later",0,0,1,1,0
945,958,2016,11,Sunny,1,0,0,0,0
946,959,2016,12,Partially cloudy and dry,0,0,1,0,1
947,960,2016,13,Partially cloudy and dry,0,0,1,0,1
948,961,2016,14,"Sunny, warm",1,0,0,0,0
949,962,2016,15,Clear30 °C (86 °F) air temperature34–35 °C (93–95 °F) track temperature1.5 m/s (4.9 ft/s) wind from the east[2],0,0,0,0,0
950,963,2016,16,Sunny33 °C (91 °F) air temperature49 °C (120 °F) track temperature2.8 m/s (9.2 ft/s) wind from the west[2],0,0,0,0,0
951,964,2016,17,Cloudy,0,0,0,0,1
952,965,2016,18,Sunny and hot with temperatures reaching up to 84 °F (29 °C); wind speeds approaching speeds of 9.2 miles per hour (14.8 km/h)[2],1,0,0,0,0
953,966,2016,19,Sunny,1,0,0,0,0
954,967,2016,20,Rain and 16 °C (60.8 °F),0,0,0,1,0
955,968,2016,21,Sunny,1,0,0,0,0
956,969,2017,1,Partly cloudy24 °C (75 °F) air temperature31–36 °C (88–97 °F) track temperature2 m/s (4.5 mph; 7.2 km/h) wind from the northwest[3],0,0,0,0,0
957,970,2017,2,"Light rain at start, drying later.",0,0,0,1,0
958,971,2017,3,not found,0,0,0,0,0
959,972,2017,4,not found,0,0,0,0,0
960,973,2017,5,not found,0,0,0,0,0
961,974,2017,6,not found,0,0,0,0,0
962,975,2017,7,Sunny and hot with temperatures reaching up to 29 °C (84 °F); wind speeds reaching 12.9 kilometres per hour (8.0 mph)[4],1,0,0,0,0
963,976,2017,8,Sunny,1,0,0,0,0
964,977,2017,9,Partly cloudy,0,0,0,0,1
965,978,2017,10,Overcast,0,0,0,0,1
966,979,2017,11,Sunny,1,0,0,0,0
967,980,2017,12,Partially cloudy and dry,0,0,1,0,1
968,981,2017,13,Sunny,1,0,0,0,0
969,982,2017,14,"Wet at start, then drying. Air temperature: 28°C (82°F)",0,0,0,1,0
970,983,2017,15,Cloudy,0,0,0,0,1
971,984,2017,16,Sunny,1,0,0,0,0
972,985,2017,17,Sunny with temperatures reaching up to 82.9 °F (28.3 °C); wind speeds approaching speeds of 13.8 miles per hour (22.2 km/h)[4],1,0,0,0,0
973,986,2017,18,"Sunny, dry",0,0,1,0,0
974,987,2017,19,not found,0,0,0,0,0
975,988,2017,20,Clear,1,0,0,0,0
976,989,2018,1,Sunny,1,0,0,0,0
977,990,2018,2,not found,0,0,0,0,0
978,991,2018,3,not found,0,0,0,0,0
979,992,2018,4,Cloudy,0,0,0,0,1
980,993,2018,5,"Partially cloudy and dry, 16°C and cold.",0,0,0,0,1
981,994,2018,6,not found,0,0,0,0,0
982,995,2018,7,Temperatures reaching up to 22.7 °C (72.9 °F); with wind speeds reaching 11.1 kilometres per hour (6.9 mph)[2],0,0,0,0,0
983,996,2018,8,"Partially cloudy, warm and dry",1,0,1,0,0
984,997,2018,9,Sunny,1,0,0,0,0
985,998,2018,10,Sunny 27.0 °C (80.6 °F)[2],1,0,0,0,0
986,999,2018,11,Overcast with intermittent rain,0,0,0,1,1
987,1000,2018,12,not found,0,0,0,0,0
988,1001,2018,13,not found,0,0,0,0,0
989,1002,2018,14,not found,0,0,0,0,0
990,1003,2018,15,not found,0,0,0,0,0
991,1004,2018,16,not found,0,0,0,0,0
992,1005,2018,17,not found,0,0,0,0,0
993,1006,2018,18,not found,0,0,0,0,0
994,1007,2018,19,not found,0,0,0,0,0
995,1008,2018,20,not found,0,0,0,0,0
996,1009,2018,21,not found,0,0,0,0,0
997,1010,2019,1,not found,0,0,0,0,0
998,1011,2019,2,Clear,1,0,0,0,0
999,1012,2019,3,not found,0,0,0,0,0
1000,1013,2019,4,not found,0,0,0,0,0
1001,1014,2019,5,not found,0,0,0,0,0
1002,1015,2019,6,Overcast,0,0,0,0,1
1003,1016,2019,7,Temperatures reaching up to 29.6 °C (85.3 °F); wind speeds negligible[2],0,0,0,0,0
1004,1017,2019,8,Clear,1,0,0,0,0
1005,1018,2019,9,"Sunny, 36C (97F)",0,0,0,0,0
1006,1019,2019,10,Partly cloudy,0,0,0,0,1
1007,1020,2019,11,"Early rain, Late clouds",0,0,0,0,1
1008,1021,2019,12,Sunny,1,0,0,0,0
1009,1022,2019,13,Partly cloudy,0,0,0,0,1
1010,1023,2019,14,Partly cloudy,0,0,0,0,1
1011,1024,2019,15,Slightly hazy,0,0,0,0,0
1012,1025,2019,16,Partly cloudy,0,0,0,0,1
1013,1026,2019,17,Sunny,1,0,0,0,0
1014,1027,2019,18,Partly cloudy,0,0,0,0,1
1015,1028,2019,19,Sunny,1,0,0,0,0
1016,1029,2019,20,Sunny,1,0,0,0,0
1017,1030,2019,21,Clear,1,0,0,0,0
1018,1031,2020,1,Sunny,1,0,0,0,0
1019,1032,2020,2,Sunny,1,0,0,0,0
1020,1033,2020,3,"Wet at start, partly cloudy",0,0,0,1,1
1021,1034,2020,4,Partly cloudy,0,0,0,0,1
1022,1035,2020,5,Sunny,1,0,0,0,0
1023,1036,2020,6,Partly cloudy,0,0,0,0,1
1024,1037,2020,7,Partly cloudy,0,0,0,0,1
1025,1038,2020,8,Sunny,1,0,0,0,0
1026,1039,2020,9,Sunny,1,0,0,0,0
1027,1040,2020,10,Sunny,1,0,0,0,0
1028,1041,2020,11,"Partly cloudy, 10 °C (50 °F)",0,0,0,0,0
1029,1042,2020,12,Cloudy,0,0,0,0,1
1030,1043,2020,13,Partly cloudy,0,0,0,0,1
1031,1044,2020,14,Overcast. Wet and drying track. Air: 11–14 °C (52–57 °F); Track: 14–17 °C (57–63 °F),0,0,0,1,0
1032,1045,2020,15,Clear,1,0,0,0,0
1033,1046,2020,16,Clear,1,0,0,0,0
1034,1047,2020,17,Clear,1,0,0,0,0
1035,1053,2021,2,"Wet at start, drying during race, 9 °C (48 °F)",0,0,0,1,0
1036,1074,2022,1,not found,0,0,0,0,0
1037,1052,2021,1,"Clear, 21 °C (70 °F)",0,0,0,0,0
1038,1051,2021,20,Clear,1,0,0,0,0
1039,1054,2021,3,Light cloud,0,0,0,0,0
1040,1055,2021,4,Cloudy,0,0,0,0,1
1041,1056,2021,5,Sunny,1,0,0,0,0
1042,1057,2021,6,Sunny,1,0,0,0,0
1043,1058,2021,8,Partly cloudy. Ambient temperature: 25 to 29 °C (77 to 84 °F); Surface temperature: 48 to 56 °C (118 to 133 °F),0,0,0,0,0
1044,1059,2021,7,Windy and partly cloudy. Ambient temperature: 24 to 27 °C (75 to 81 °F); Surface temperature: 33 to 38 °C (91 to 100 °F),0,0,0,0,0
1045,1060,2021,9,Partly cloudy,0,0,0,0,1
1046,1061,2021,10,Clear. Ambient: 29 to 31 °C (84 to 88 °F); Surface: 48 to 52 °C (118 to 126 °F),0,0,0,0,0
1047,1062,2021,11,Rain and sunny. Ambient: 26 to 29 °C (79 to 84 °F); Surface: 31 to 52 °C (88 to 126 °F).[3],0,0,0,1,0
1048,1063,2021,12,"Wet, persistent rain",0,0,0,1,0
1049,1064,2021,13,Sunny,1,0,0,0,0
1050,1065,2021,14,Sunny,1,0,0,0,0
1051,1066,2021,15,Cloudy and rainy,0,0,0,1,1
1052,1067,2021,16,Overcast with intermittent rain,0,0,0,1,1
1053,1069,2021,17,Sunny,1,0,0,0,0
1054,1070,2021,18,Sunny,1,0,0,0,0
1055,1071,2021,19,not found,0,0,0,0,0
1056,1072,2021,21,Clear,1,0,0,0,0
1057,1073,2021,22,Clear,1,0,0,0,0
1058,1075,2022,2,not found,0,0,0,0,0
1059,1076,2022,3,not found,0,0,0,0,0
1060,1077,2022,4,not found,0,0,0,0,0
1061,1078,2022,5,not found,0,0,0,0,0
1062,1079,2022,6,not found,0,0,0,0,0
1063,1080,2022,7,not found,0,0,0,0,0
1064,1081,2022,8,not found,0,0,0,0,0
1065,1082,2022,9,not found,0,0,0,0,0
1066,1083,2022,10,not found,0,0,0,0,0
1067,1084,2022,11,not found,0,0,0,0,0
1068,1085,2022,12,not found,0,0,0,0,0
1069,1086,2022,13,not found,0,0,0,0,0
1070,1087,2022,14,not found,0,0,0,0,0
1071,1088,2022,15,not found,0,0,0,0,0
1072,1089,2022,16,not found,0,0,0,0,0
1073,1090,2022,17,not found,0,0,0,0,0
1074,1091,2022,18,not found,0,0,0,0,0
1075,1092,2022,19,not found,0,0,0,0,0
1076,1093,2022,20,not found,0,0,0,0,0
1077,1094,2022,21,not found,0,0,0,0,0
1078,1095,2022,22,not found,0,0,0,0,0
1079,1096,2022,23,not found,0,0,0,0,0
